MarorAcadem-1.t1	MarorAcadem-1	MarorAcadem-1
MarorAcadem-2.t1	MarorAcadem-2	MarorAcadem-2
MarorAcadem-3.t1	MarorAcadem-3	MarorAcadem-3
MarorAcadem-4.t1	MarorAcadem-4	MarorAcadem-4
MarorAcadem-5.t1	MarorAcadem-5	MarorAcadem-5
MarorAcadem-6.t1	MarorAcadem-6	MarorAcadem-6
MarorCMC-1.t1	MarorCMC-1	MarorCMC-1
MarorCMC-2.t1	MarorCMC-2	MarorCMC-2
MarorCMC-3.t1	MarorCMC-3	MarorCMC-3
MarorCMC-4.t1	MarorCMC-4	MarorCMC-4
MarorCMC-5.t1	MarorCMC-5	MarorCMC-5
MarorCMC-6.t1	MarorCMC-6	MarorCMC-6
MarorCMC-7.t1	MarorCMC-7	MarorCMC-7
MarorCMC-8.t1	MarorCMC-8	MarorCMC-8
MarorCMC-9.t1	MarorCMC-9	MarorCMC-9
MarorCMC-10.t1	MarorCMC-10	MarorCMC-10
MarorCopia-1.t1	MarorCopia-1	MarorCopia-1
MarorCopia-2.t1	MarorCopia-2	MarorCopia-2
MarorCopia-3.t1	MarorCopia-3	MarorCopia-3
MarorCopia-4.t1	MarorCopia-4	MarorCopia-4
MarorCopia-5.t1	MarorCopia-5	MarorCopia-5
MarorCopia-6.t1	MarorCopia-6	MarorCopia-6
MarorCopia-7.t1	MarorCopia-7	MarorCopia-7
MarorCopia-8.t1	MarorCopia-8	MarorCopia-8
MarorCopia-9.t1	MarorCopia-9	MarorCopia-9
MarorCopia-10.t1	MarorCopia-10	MarorCopia-10
MarorCopia-11.t1	MarorCopia-11	MarorCopia-11
MarorCopia-12.t1	MarorCopia-12	MarorCopia-12
MarorCopia-13.t1	MarorCopia-13	MarorCopia-13
MarorCopia-14.t1	MarorCopia-14	MarorCopia-14
MarorCopia-15.t1	MarorCopia-15	MarorCopia-15
MarorCopia-16.t1	MarorCopia-16	MarorCopia-16
MarorCopia-17.t1	MarorCopia-17	MarorCopia-17
MarorCopia-18.t1	MarorCopia-18	MarorCopia-18
MarorCopia-19.t1	MarorCopia-19	MarorCopia-19
MarorCopia-20.t1	MarorCopia-20	MarorCopia-20
MarorDileera-1.t1	MarorDileera-1	MarorDileera-1
MarorDileera-2.t1	MarorDileera-2	MarorDileera-2
MarorDileera-3.t1	MarorDileera-3	MarorDileera-3
MarorDileera-4.t1	MarorDileera-4	MarorDileera-4
MarorDileera-5.t1	MarorDileera-5	MarorDileera-5
MarorDileera-6.t1	MarorDileera-6	MarorDileera-6
MarorDileera-7.t1	MarorDileera-7	MarorDileera-7
MarorDileera-8.t1	MarorDileera-8	MarorDileera-8
MarorDileera-9.t1	MarorDileera-9	MarorDileera-9
MarorDIRS-1.t1	MarorDIRS-1	MarorDIRS-1
MarorNovosib-1.t1	MarorNovosib-1	MarorNovosib-1
MarorDNAU-1.t1	MarorDNAU-1	MarorDNAU-1
MarorDNAU-2.t1	MarorDNAU-2	MarorDNAU-2
MarorDNAU-3.t1	MarorDNAU-3	MarorDNAU-3
MarorDNAU-4.t1	MarorDNAU-4	MarorDNAU-4
MarorDNAU-5.t1	MarorDNAU-5	MarorDNAU-5
MarorDNAU-6.t1	MarorDNAU-6	MarorDNAU-6
MarorDNAU-7.t1	MarorDNAU-7	MarorDNAU-7
MarorDNAU-8.t1	MarorDNAU-8	MarorDNAU-8
MarorDNAU-9.t1	MarorDNAU-9	MarorDNAU-9
MarorDNAU-11.t1	MarorDNAU-11	MarorDNAU-11
MarorDNAU-12.t1	MarorDNAU-12	MarorDNAU-12
MarorDNAU-13.t1	MarorDNAU-13	MarorDNAU-13
MarorDNAU-14.t1	MarorDNAU-14	MarorDNAU-14
MarorDNAU-15.t1	MarorDNAU-15	MarorDNAU-15
MarorDNAU-16.t1	MarorDNAU-16	MarorDNAU-16
MarorDNAU-17.t1	MarorDNAU-17	MarorDNAU-17
MarorDNAU-18.t1	MarorDNAU-18	MarorDNAU-18
MarorDNAU-19.t1	MarorDNAU-19	MarorDNAU-19
MarorGypsy-1.t1	MarorGypsy-1	MarorGypsy-1
MarorGypsy-2.t1	MarorGypsy-2	MarorGypsy-2
MarorGypsy-3.t1	MarorGypsy-3	MarorGypsy-3
MarorGypsy-4.t1	MarorGypsy-4	MarorGypsy-4
MarorGypsy-5.t1	MarorGypsy-5	MarorGypsy-5
MarorGypsy-6.t1	MarorGypsy-6	MarorGypsy-6
MarorGypsy-7.t1	MarorGypsy-7	MarorGypsy-7
MarorGypsy-8.t1	MarorGypsy-8	MarorGypsy-8
MarorGypsy-9.t1	MarorGypsy-9	MarorGypsy-9
MarorGypsy-10.t1	MarorGypsy-10	MarorGypsy-10
MarorGypsy-11.t1	MarorGypsy-11	MarorGypsy-11
MarorGypsy-12.t1	MarorGypsy-12	MarorGypsy-12
MarorGypsy-13.t1	MarorGypsy-13	MarorGypsy-13
MarorGypsy-14.t1	MarorGypsy-14	MarorGypsy-14
MarorGypsy-15.t1	MarorGypsy-15	MarorGypsy-15
MarorGypsy-16.t1	MarorGypsy-16	MarorGypsy-16
MarorGypsy-17.t1	MarorGypsy-17	MarorGypsy-17
MarorGypsy-18.t1	MarorGypsy-18	MarorGypsy-18
MarorGypsy-19.t1	MarorGypsy-19	MarorGypsy-19
MarorGypsy-20.t1	MarorGypsy-20	MarorGypsy-20
MarorGypsy-21.t1	MarorGypsy-21	MarorGypsy-21
MarorGypsy-22.t1	MarorGypsy-22	MarorGypsy-22
MarorGypsy-23.t1	MarorGypsy-23	MarorGypsy-23
MarorGypsy-24.t1	MarorGypsy-24	MarorGypsy-24
MarorGypsy-25.t1	MarorGypsy-25	MarorGypsy-25
MarorGypsy-26.t1	MarorGypsy-26	MarorGypsy-26
MarorGypsy-27.t1	MarorGypsy-27	MarorGypsy-27
MarorGypsy-28.t1	MarorGypsy-28	MarorGypsy-28
MarorGypsy-29.t1	MarorGypsy-29	MarorGypsy-29
MarorGypsy-30.t1	MarorGypsy-30	MarorGypsy-30
MarorHarbinger-1.t1	MarorHarbinger-1	MarorHarbinger-1
MarorHarbinger-2.t1	MarorHarbinger-2	MarorHarbinger-2
MarorHarbinger-3.t1	MarorHarbinger-3	MarorHarbinger-3
MarorHarbinger-4.t1	MarorHarbinger-4	MarorHarbinger-4
MarorHarbinger-5.t1	MarorHarbinger-5	MarorHarbinger-5
MarorhAT-1.t1	MarorhAT-1	MarorhAT-1
MarorhAT-2.t1	MarorhAT-2	MarorhAT-2
MarorhAT-3.t1	MarorhAT-3	MarorhAT-3
MarorhAT-4.t1	MarorhAT-4	MarorhAT-4
MarorhAT-5.t1	MarorhAT-5	MarorhAT-5
MarorhAT-6.t1	MarorhAT-6	MarorhAT-6
MarorhAT-7.t1	MarorhAT-7	MarorhAT-7
MarorhAT-8.t1	MarorhAT-8	MarorhAT-8
MarorhAT-9.t1	MarorhAT-9	MarorhAT-9
MarorhAT-10.t1	MarorhAT-10	MarorhAT-10
MarorhAT-11.t1	MarorhAT-11	MarorhAT-11
MarorhAT-12.t1	MarorhAT-12	MarorhAT-12
MarorhAT-13.t1	MarorhAT-13	MarorhAT-13
MarorHelitron-1.t1	MarorHelitron-1	MarorHelitron-1
MarorHelitron-2.t1	MarorHelitron-2	MarorHelitron-2
MarorHelitron-3.t1	MarorHelitron-3	MarorHelitron-3
MarorHelitron-4.t1	MarorHelitron-4	MarorHelitron-4
MarorHelitron-5.t1	MarorHelitron-5	MarorHelitron-5
MarorIS3EU-1.t1	MarorIS3EU-1	MarorIS3EU-1
MarorIS3EU-2.t1	MarorIS3EU-2	MarorIS3EU-2
MarorIS3EU-3.t1	MarorIS3EU-3	MarorIS3EU-3
MarorIS3EU-4.t1	MarorIS3EU-4	MarorIS3EU-4
MarorKyakuja-1.t1	MarorKyakuja-1	MarorKyakuja-1
MarorKyakuja-2.t1	MarorKyakuja-2	MarorKyakuja-2
MarorKyakuja-3.t1	MarorKyakuja-3	MarorKyakuja-3
MarorKyakuja-4.t1	MarorKyakuja-4	MarorKyakuja-4
MarorKyakuja-5.t1	MarorKyakuja-5	MarorKyakuja-5
MarorKyakuja-6.t1	MarorKyakuja-6	MarorKyakuja-6
MarorKyakuja-7.t1	MarorKyakuja-7	MarorKyakuja-7
MarorLINE-1.t1	MarorLINE-1	MarorLINE-1
MarorLINE-2.t1	MarorLINE-2	MarorLINE-2
MarorLINE-3.t1	MarorLINE-3	MarorLINE-3
MarorLINE-4.t1	MarorLINE-4	MarorLINE-4
MarorLINE-5.t1	MarorLINE-5	MarorLINE-5
MarorLINE-6.t1	MarorLINE-6	MarorLINE-6
MarorLINE-7.t1	MarorLINE-7	MarorLINE-7
MarorLINE-8.t1	MarorLINE-8	MarorLINE-8
MarorLINE-9.t1	MarorLINE-9	MarorLINE-9
MarorLINE-10.t1	MarorLINE-10	MarorLINE-10
MarorLINE-11.t1	MarorLINE-11	MarorLINE-11
MarorLTRs-1.t1	MarorLTRs-1	MarorLTRs-1
MarorLTRs-2.t1	MarorLTRs-2	MarorLTRs-2
MarorLTRs-3.t1	MarorLTRs-3	MarorLTRs-3
MarorLTRs-4.t1	MarorLTRs-4	MarorLTRs-4
MarorLTRs-5.t1	MarorLTRs-5	MarorLTRs-5
MarorLTRs-6.t1	MarorLTRs-6	MarorLTRs-6
MarorLTRs-7.t1	MarorLTRs-7	MarorLTRs-7
MarorLTRs-8.t1	MarorLTRs-8	MarorLTRs-8
MarorLTRs-9.t1	MarorLTRs-9	MarorLTRs-9
MarorLTRs-10.t1	MarorLTRs-10	MarorLTRs-10
MarorLTRs-11.t1	MarorLTRs-11	MarorLTRs-11
MarorLTRU-1.t1	MarorLTRU-1	MarorLTRU-1
MarorLTRU-2.t1	MarorLTRU-2	MarorLTRU-2
MarorMULE-1.t1	MarorMULE-1	MarorMULE-1
MarorMULE-2.t1	MarorMULE-2	MarorMULE-2
MarorMULE-3.t1	MarorMULE-3	MarorMULE-3
MarorMULE-4.t1	MarorMULE-4	MarorMULE-4
MarorMULE-5.t1	MarorMULE-5	MarorMULE-5
MarorMULE-6.t1	MarorMULE-6	MarorMULE-6
MarorMULE-7.t1	MarorMULE-7	MarorMULE-7
MarorNgaro-1.t1	MarorNgaro-1	MarorNgaro-1
MarorNgaro-2.t1	MarorNgaro-2	MarorNgaro-2
MarorNgaro-3.t1	MarorNgaro-3	MarorNgaro-3
MarorNgaro-4.t1	MarorNgaro-4	MarorNgaro-4
MarorP-1.t1	MarorP-1	MarorP-1
MarorP-2.t1	MarorP-2	MarorP-2
MarorP-3.t1	MarorP-3	MarorP-3
MarorP-4.t1	MarorP-4	MarorP-4
MarorP-5.t1	MarorP-5	MarorP-5
MarorPlavaka-1.t1	MarorPlavaka-1	MarorPlavaka-1
MarorPlavaka-2.t1	MarorPlavaka-2	MarorPlavaka-2
MarorPlavaka-3.t1	MarorPlavaka-3	MarorPlavaka-3
MarorPlavaka-4.t1	MarorPlavaka-4	MarorPlavaka-4
MarorPlavaka-5.t1	MarorPlavaka-5	MarorPlavaka-5
MarorPlavaka-6.t1	MarorPlavaka-6	MarorPlavaka-6
MarorPlavaka-7.t1	MarorPlavaka-7	MarorPlavaka-7
MarorPlavaka-8.t1	MarorPlavaka-8	MarorPlavaka-8
MarorPlavaka-9.t1	MarorPlavaka-9	MarorPlavaka-9
MarorPlavaka-10.t1	MarorPlavaka-10	MarorPlavaka-10
MarorPlavaka-11.t1	MarorPlavaka-11	MarorPlavaka-11
MarorPlavaka-12.t1	MarorPlavaka-12	MarorPlavaka-12
MarorPlavaka-13.t1	MarorPlavaka-13	MarorPlavaka-13
MarorPlavaka-14.t1	MarorPlavaka-14	MarorPlavaka-14
MarorPlavaka-15.t1	MarorPlavaka-15	MarorPlavaka-15
MarorPlavaka-16.t1	MarorPlavaka-16	MarorPlavaka-16
MarorPlavaka-17.t1	MarorPlavaka-17	MarorPlavaka-17
MarorPlavaka-18.t1	MarorPlavaka-18	MarorPlavaka-18
MarorPlavaka-19.t1	MarorPlavaka-19	MarorPlavaka-19
MarorPlavaka-20.t1	MarorPlavaka-20	MarorPlavaka-20
MarorPlavaka-21.t1	MarorPlavaka-21	MarorPlavaka-21
MarorPlavaka-22.t1	MarorPlavaka-22	MarorPlavaka-22
MarorPlavaka-23.t1	MarorPlavaka-23	MarorPlavaka-23
MarorSatellite-1.t1	MarorSatellite-1	MarorSatellite-1
MarorSatellite-2.t1	MarorSatellite-2	MarorSatellite-2
MarorSatellite-3.t1	MarorSatellite-3	MarorSatellite-3
MarorSatellite-4.t1	MarorSatellite-4	MarorSatellite-4
MarorTcMar-1.t1	MarorTcMar-1	MarorTcMar-1
MarorTcMar-2.t1	MarorTcMar-2	MarorTcMar-2
MarorTcMar-3.t1	MarorTcMar-3	MarorTcMar-3
MarorTcMar-4.t1	MarorTcMar-4	MarorTcMar-4
MarorTcMar-5.t1	MarorTcMar-5	MarorTcMar-5
MarorTcMar-6.t1	MarorTcMar-6	MarorTcMar-6
MarorTcMar-7.t1	MarorTcMar-7	MarorTcMar-7
MarorTcMar-8.t1	MarorTcMar-8	MarorTcMar-8
MarorTcMar-9.t1	MarorTcMar-9	MarorTcMar-9
MarorTcMar-10.t1	MarorTcMar-10	MarorTcMar-10
MarorTcMar-11.t1	MarorTcMar-11	MarorTcMar-11
MarorTcMar-12.t1	MarorTcMar-12	MarorTcMar-12
MarorTcMar-13.t1	MarorTcMar-13	MarorTcMar-13
MarorTcMar-14.t1	MarorTcMar-14	MarorTcMar-14
MarorTcMar-15.t1	MarorTcMar-15	MarorTcMar-15
MarorTcMar-16.t1	MarorTcMar-16	MarorTcMar-16
MarorTcMar-17.t1	MarorTcMar-17	MarorTcMar-17
MarorTcMar-18.t1	MarorTcMar-18	MarorTcMar-18
MarorTcMar-19.t1	MarorTcMar-19	MarorTcMar-19
MarorTcMar-20.t1	MarorTcMar-20	MarorTcMar-20
MarorTcMar-21.t1	MarorTcMar-21	MarorTcMar-21
MarorU-1.t1	MarorU-1	MarorU-1
MarorU-2.t1	MarorU-2	MarorU-2
MarorU-3.t1	MarorU-3	MarorU-3
MarorU-4.t1	MarorU-4	MarorU-4
MarorU-5.t1	MarorU-5	MarorU-5
